Model,Accuracy,Precision,Recall,F1-Score
ANN,0.913207457868257,0.9130783011976012,0.913207457868257,0.9129752963791177
