Model,Accuracy,Precision,Recall,F1-Score
DistilBERT-SVM Classifier,0.9373257203558625,0.9373393163892656,0.9373257203558625,0.9372892528853807
