Model,Accuracy,Precision,Recall,F1-Score
Logistic Regression,0.9052132813410634,0.9047854505690598,0.9052132813410634,0.904549809442367
