Model,Accuracy,Precision,Recall,F1-Score
Naive Bayes,0.8515125211542622,0.8621568272877435,0.8515125211542622,0.8370767233010495
