Model,Accuracy,Precision,Recall,F1-Score
SVM,0.9170848214277842,0.9170293528144533,0.9170848214277842,0.9169277760146267
